<?xml version="1.0" encoding="UTF-8"?>
<project-private xmlns="http://www.netbeans.org/ns/project-private/1">
    <editor-bookmarks xmlns="http://www.netbeans.org/ns/editor-bookmarks/2" lastBookmarkId="0"/>
    <open-files xmlns="http://www.netbeans.org/ns/projectui-open-files/2">
        <group>
            <file>file:/C:/Users/renat/OneDrive%20-%20Universidad%20Técnica%20Particular%20de%20Loja%20-%20UTPL/Componentes_03/Programacion_De_Algoritmos/EvaluacionJavaParcial2doBim/src/main/Principal.java</file>
            <file>file:/C:/Users/renat/OneDrive%20-%20Universidad%20Técnica%20Particular%20de%20Loja%20-%20UTPL/Componentes_03/Programacion_De_Algoritmos/EvaluacionJavaParcial2doBim/src/modelado/OperacionData.java</file>
            <file>file:/C:/Users/renat/OneDrive%20-%20Universidad%20Técnica%20Particular%20de%20Loja%20-%20UTPL/Componentes_03/Programacion_De_Algoritmos/EvaluacionJavaParcial2doBim/src/paquete_archivos/Archivo.java</file>
            <file>file:/C:/Users/renat/OneDrive%20-%20Universidad%20Técnica%20Particular%20de%20Loja%20-%20UTPL/Componentes_03/Programacion_De_Algoritmos/EvaluacionJavaParcial2doBim/src/modelado/Participante.java</file>
        </group>
    </open-files>
</project-private>
